LATITUDE,LONGITUDE,ScaledCountPerMinute,OBSERVATION COUNT,Season_Northeast Monsoon,Season_Second Inter-monsoon,Season_Southwest Monsoon,Season_Unknown,Season_Time,TimeOfDay_Evening,TimeOfDay_Morning
6.0799399,80.9329748,-0.07409610001130516,4.0,True,False,False,False,False,False,False
6.076015,80.9329447,-0.05212203877127793,4.0,True,False,False,False,True,False,True
6.0837023,80.9323441,-0.03634578967587377,8.0,True,False,False,False,False,False,False
6.0968647,80.9243003,0.000981942558787875,3.0,True,False,False,False,False,False,False
6.0968647,80.9243003,0.000981942558787875,3.0,True,False,False,False,False,False,False
6.0957235,80.9555139,-0.06677141293129608,4.0,True,False,False,False,False,False,False
6.0837023,80.9323441,-0.03634578967587377,8.0,True,False,False,False,False,False,False
6.0968647,80.9243003,0.000981942558787875,3.0,True,False,False,False,False,False,False
6.0837023,80.9323441,-0.03634578967587377,8.0,True,False,False,False,False,False,False
6.0957235,80.9555139,-0.06677141293129608,4.0,True,False,False,False,False,False,False
6.09382,80.9541666,-0.05306715968482749,4.0,True,False,False,False,False,False,False
6.0837023,80.9323441,-0.03634578967587377,8.0,True,False,False,False,False,False,False
6.0957235,80.9555139,-0.06677141293129608,4.0,True,False,False,False,False,False,False
6.0906125,80.9354124,-0.08142078709131424,,True,False,False,False,True,False,True
6.0968647,80.9243003,0.000981942558787875,3.0,True,False,False,False,False,False,False
6.0957235,80.9555139,-0.06677141293129608,4.0,True,False,False,False,False,False,False
6.0906125,80.9354124,-0.08142078709131424,,False,False,False,False,False,False,True
6.0957235,80.9555139,-0.03595721211194756,6.0,False,False,False,False,False,False,False
6.0985829,80.9547514,0.05042358034884914,3.0,False,False,False,False,False,False,False
6.0906125,80.9354124,-0.037472664611259775,1.0,False,False,False,False,False,False,True
6.0906125,80.9354124,-0.0714325774367564,2.0,False,False,False,False,False,False,False
6.0906125,80.9354124,-0.08142078709131424,,False,False,False,False,False,False,True
6.0906125,80.9354124,-0.08022001871754227,1.0,False,False,False,False,False,False,True
6.0957235,80.9555139,-0.03595721211194756,6.0,False,False,False,False,False,False,False
6.0985829,80.9547514,0.05042358034884914,3.0,False,False,False,False,False,False,False
6.19478,80.9499733,-0.06938020558992945,4.0,False,False,True,False,False,False,False
6.19478,80.9499733,-0.06938020558992945,4.0,False,False,True,False,False,False,False
6.0957235,80.9555139,-0.05356634326592761,9.0,False,False,False,True,False,False,False
6.0957235,80.9555139,-0.05356634326592761,9.0,False,False,False,True,False,False,False
6.089234,80.9489068,-0.05490036835335034,7.0,False,False,False,True,False,False,False
6.0906125,80.9354124,-0.08142078709131424,,False,False,False,True,False,False,True
6.0985829,80.9547514,-0.0539532105412802,2.0,False,False,False,True,False,False,False
6.089234,80.9489068,-0.05490036835335034,7.0,False,False,False,True,False,False,False
6.0906125,80.9354124,-0.08142078709131424,,False,False,False,True,False,False,True
6.0957235,80.9555139,-0.05356634326592761,9.0,False,False,False,True,False,False,False
6.0957235,80.9555139,-0.05356634326592761,9.0,False,False,False,True,False,False,False
6.0985829,80.9547514,-0.0539532105412802,2.0,False,False,False,True,False,False,False
6.0957235,80.9555139,-0.05356634326592761,9.0,False,False,False,True,False,False,False
6.0957235,80.9555139,-0.0488666222912739,4.0,False,False,False,True,False,False,False
6.089234,80.9489068,-0.05244400303853108,12.0,False,False,False,True,False,False,False
6.0957235,80.9555139,-0.05356634326592761,9.0,False,False,False,True,False,False,False
6.0957235,80.9555139,-0.0488666222912739,4.0,False,False,False,True,False,False,False
6.089234,80.9489068,-0.05244400303853108,12.0,False,False,False,True,False,False,False
6.0906125,80.9354124,-0.08142078709131424,,True,False,False,False,True,False,True
6.0906125,80.9354124,-0.08142078709131424,,True,False,False,False,True,False,True
6.0906125,80.9354124,-0.07534500978992423,6.0,True,False,False,False,False,False,False
6.0906125,80.9354124,-0.07862154362124708,2.0,True,False,False,False,True,False,True
6.0906125,80.9354124,-0.08142078709131424,,True,False,False,False,True,False,True
6.1620879,80.8989529,-0.05944672585128701,2.0,True,False,False,False,False,False,False
6.0424899,80.7549121,-0.06494024116129382,3.0,True,False,False,False,False,False,False
6.0412961,80.7412477,-0.03147973881852508,5.0,True,False,False,False,True,False,True
6.0424899,80.7549121,-0.06494024116129382,3.0,True,False,False,False,False,False,False
6.0424899,80.7549121,-0.06494024116129382,3.0,True,False,False,False,False,False,False
6.0412961,80.7412477,-0.03147973881852508,5.0,True,False,False,False,True,False,True
6.0412961,80.7412477,-0.03147973881852508,5.0,True,False,False,False,True,False,True
6.0412961,80.7412477,-0.03147973881852508,5.0,True,False,False,False,True,False,True
6.0424899,80.7549121,-0.06494024116129382,3.0,True,False,False,False,False,False,False
6.0662689,80.7316635,0.028449519108821913,6.0,False,False,True,False,False,False,False
6.0463094,80.7294072,-0.04845969523127339,3.0,False,False,True,False,False,False,False
6.1833817,81.2451875,-0.07627061648818285,3.0,True,False,False,False,False,False,False
6.188598,81.2200356,-0.07874102352545725,2.0,True,False,False,False,True,False,True
6.188598,81.2200356,-0.07409610001130516,8.0,True,False,False,False,True,False,True
6.188598,81.2200356,-0.07867402943631084,3.0,True,False,False,False,False,True,False
6.188598,81.2200356,-0.0682363503472979,9.0,True,False,False,False,True,False,True
6.188598,81.2200356,-0.07186684742173718,6.0,True,False,False,False,True,False,True
6.188598,81.2200356,-0.07811641698003195,4.0,True,False,False,False,True,False,True
6.1938448,81.2576837,-0.07015203773745413,4.0,True,False,False,False,False,False,False
6.2028327,81.2421641,-0.0488666222912739,4.0,True,False,False,False,True,False,True
6.1938448,81.2576837,-0.07015203773745413,4.0,True,False,False,False,False,False,False
6.1937271,81.1858388,-0.05944672585128701,3.0,True,False,False,False,False,False,False
6.1295157,81.1216347,0.09437170282890361,4.0,True,False,False,False,False,False,False
6.1922451,81.2279787,-0.02868304011524889,6.0,True,False,False,False,True,False,True
6.188598,81.2200356,-0.08142078709131424,,True,False,False,False,True,False,True
6.1938448,81.2576837,-0.07015203773745413,4.0,True,False,False,False,False,False,False
6.1822533,81.2234169,-0.06660681322163296,6.0,True,False,False,False,True,False,True
6.1938448,81.2576837,-0.07015203773745413,4.0,True,False,False,False,False,False,False
6.1937271,81.1858388,-0.05944672585128701,3.0,True,False,False,False,False,False,False
6.2028327,81.2421641,-0.0488666222912739,4.0,True,False,False,False,True,False,True
6.2028327,81.2421641,-0.0488666222912739,4.0,True,False,False,False,True,False,True
6.1822533,81.2234169,-0.06660681322163296,6.0,True,False,False,False,True,False,True
6.1822533,81.2234169,-0.06660681322163296,6.0,True,False,False,False,True,False,True
6.188598,81.2200356,-0.08142078709131424,,True,False,False,False,True,False,True
6.188598,81.2200356,-0.07983421227253971,2.0,True,False,False,False,True,False,True
6.188598,81.2200356,-0.08142078709131424,,True,False,False,False,True,False,True
6.1922451,81.2279787,-0.02868304011524889,6.0,True,False,False,False,True,False,True
6.1822533,81.2234169,-0.06660681322163296,6.0,True,False,False,False,True,False,True
6.2028327,81.2421641,-0.0488666222912739,4.0,True,False,False,False,True,False,True
6.1967839,81.2228324,-0.08142078709131424,,True,False,False,False,True,False,True
6.1922451,81.2279787,-0.02868304011524889,6.0,True,False,False,False,True,False,True
6.1937271,81.1858388,-0.05944672585128701,3.0,True,False,False,False,False,False,False
6.1937271,81.1858388,-0.05944672585128701,3.0,True,False,False,False,False,False,False
6.1935349,81.2585154,-0.06768699881629722,3.0,True,False,False,False,True,False,True
6.188598,81.2200356,-0.057220279117715975,25.0,True,False,False,False,False,False,False
6.1943058,81.2637059,-0.04845969523127339,3.0,True,False,False,False,False,True,False
6.188598,81.2200356,-0.07910772801341664,2.0,True,False,False,False,False,False,False
6.1922451,81.2279787,-0.02868304011524889,6.0,True,False,False,False,True,False,True
6.2015578,81.2618267,-0.054623151432744446,5.0,True,False,False,False,False,True,False
6.188598,81.2200356,-0.08142078709131424,,False,False,False,False,False,False,False
6.188598,81.2200356,-0.08142078709131424,,False,False,False,False,False,False,True
6.188598,81.2200356,-0.0702475356133343,6.0,False,False,False,False,False,False,True
6.188598,81.2200356,-0.08142078709131424,,False,False,False,False,False,False,False
6.188598,81.2200356,-0.08142078709131424,,False,False,False,False,False,False,True
6.188598,81.2200356,-0.06934712706932125,10.0,False,False,False,False,False,False,True
6.2028327,81.2421641,-0.0488666222912739,4.0,False,False,False,False,False,False,True
6.2047891,81.2298359,0.018461309454264076,5.0,False,False,False,False,False,False,True
6.188598,81.2200356,-0.04375096782269613,30.0,False,False,False,False,False,False,True
6.188598,81.2200356,-0.08142078709131424,,False,False,False,False,False,False,True
6.188598,81.2200356,-0.08142078709131424,,False,False,False,False,False,False,False
6.188598,81.2200356,-0.08142078709131424,,False,False,False,False,False,False,False
6.1938448,81.2576837,0.09437170282890361,8.0,False,False,False,False,False,False,True
6.1938448,81.2576837,-0.013808290968153527,4.0,False,False,False,False,False,False,True
6.2028327,81.2421641,-0.0488666222912739,4.0,False,False,False,False,False,False,True
6.2028327,81.2421641,-0.056307574245568835,4.0,False,False,False,False,False,False,True
6.188598,81.2200356,-0.08142078709131424,,False,False,False,False,False,False,True
6.188598,81.2200356,-0.08142078709131424,,False,False,False,False,False,False,False
6.188598,81.2200356,-0.06934712706932125,10.0,False,False,False,False,False,False,True
6.1938448,81.2576837,0.09437170282890361,8.0,False,False,False,False,False,False,True
6.2007,81.2178091,0.16145041608793412,21.0,False,False,False,False,False,False,True
6.1916363,81.2702795,-0.0525075486175942,5.0,False,False,False,False,False,False,True
6.188598,81.2200356,-0.04375096782269613,30.0,False,False,False,False,False,False,True
6.2007,81.2178091,0.16145041608793412,21.0,False,False,False,False,False,False,True
6.2540325,81.1465591,-0.05775641344820799,7.0,False,False,False,False,False,False,True
6.1916363,81.2702795,-0.0525075486175942,5.0,False,False,False,False,False,False,True
6.2028327,81.2421641,-0.056307574245568835,4.0,False,False,False,False,False,False,True
6.188598,81.2200356,-0.04375096782269613,30.0,False,False,False,False,False,False,True
6.188598,81.2200356,-0.08142078709131424,,False,False,False,False,False,False,False
6.2047891,81.2298359,0.018461309454264076,5.0,False,False,False,False,False,False,True
6.1938448,81.2576837,-0.013808290968153527,4.0,False,False,False,False,False,False,True
6.188598,81.2200356,-0.07409610001130516,4.0,False,False,True,False,False,False,True
6.188598,81.2200356,-0.07409610001130516,4.0,False,False,True,False,False,False,True
6.188598,81.2200356,-0.08142078709131424,,False,False,True,False,False,False,True
6.188598,81.2200356,-0.08142078709131424,,False,True,False,False,False,False,False
6.188598,81.2200356,-0.08142078709131424,,False,True,False,False,False,False,True
6.188598,81.2200356,-0.07043375647130062,4.0,False,True,False,False,False,False,True
6.188598,81.2200356,0.01624170730880678,40.0,False,True,False,False,False,False,True
6.188598,81.2200356,-0.08032208402931287,3.0,False,False,False,True,False,False,True
6.188598,81.2200356,-0.08068831838331333,1.0,False,False,False,True,False,False,True
6.1891958,81.2644983,-0.07409610001130516,2.0,False,False,False,True,False,False,True
6.188598,81.2200356,-0.06898263921960071,15.0,False,False,False,True,False,False,True
6.188598,81.2200356,-0.06849486871482763,1.0,False,False,False,True,False,False,True
6.188598,81.2200356,-0.08142078709131424,,False,False,False,True,False,False,True
6.188598,81.2200356,-0.07930789658746547,4.0,False,False,False,True,False,False,True
6.188598,81.2200356,-0.078997177395723,3.0,True,False,False,False,True,False,True
6.188598,81.2200356,-0.07624171541858055,7.0,True,False,False,False,True,False,True
6.188598,81.2200356,-0.0488666222912739,4.0,True,False,False,False,True,False,True
6.1492483,81.0666675,-0.02927894686074115,14.0,True,False,False,False,False,False,False
6.188598,81.2200356,-0.08142078709131424,,True,False,False,False,False,False,False
6.188598,81.2200356,-0.0778765836655034,2.0,True,False,False,False,True,False,True
6.188598,81.2200356,-0.04146794847308291,4.0,True,False,False,False,True,False,True
6.188598,81.2200356,-0.07732624151863836,3.0,True,False,False,False,True,False,True
6.188598,81.2200356,-0.07618886774845061,4.0,True,False,False,False,False,False,False
6.188598,81.2200356,-0.037472664611259775,6.0,True,False,False,False,True,False,True
6.188598,81.2200356,-0.0765376623713082,4.0,True,False,False,False,True,False,True
6.188598,81.2200356,-0.08142078709131424,,True,False,False,False,True,False,True
6.188598,81.2200356,-0.0791476083423459,3.0,True,False,False,False,True,False,True
6.188598,81.2200356,-0.08142078709131424,,True,False,False,False,False,False,False
6.188598,81.2200356,-0.07922338096731152,3.0,True,False,False,False,True,False,True
6.188598,81.2200356,-0.07922338096731152,3.0,True,False,False,False,True,False,True
6.1065464,81.050595,-0.08142078709131424,,True,False,False,False,False,False,False
6.188598,81.2200356,-0.08142078709131424,,True,False,False,False,True,False,True
6.2009688,81.195205,-0.06609004669129524,3.0,True,False,False,False,False,True,False
6.200155,81.1985585,-0.06696416785445422,5.0,True,False,False,False,True,False,True
6.1963995,81.2109113,-0.07421617684868237,4.0,True,False,False,False,True,False,True
6.200155,81.1985585,-0.0763105402913079,2.0,True,False,False,False,False,True,False
6.208067,81.20734,-0.07455389295380573,4.0,True,False,False,False,False,False,False
6.1963995,81.2109113,-0.06398105594843549,20.0,True,False,False,False,True,False,True
6.210861,81.190059,-0.023594310143874163,40.0,True,False,False,False,False,False,False
6.1963995,81.2109113,-0.06398105594843549,20.0,True,False,False,False,True,False,True
6.1963995,81.2109113,-0.08142078709131424,,False,False,False,False,False,False,True
6.197448,81.2148906,-0.07095694840558699,11.0,False,False,False,False,False,False,True
6.200719,81.199293,-0.077313485924954,2.0,False,False,False,False,False,False,False
6.2010931,81.1973712,-0.07695148650012226,6.0,False,False,False,False,False,False,True
6.1994514,81.2129668,-0.008173916291223476,4.0,False,False,False,False,False,False,True
6.1963995,81.2109113,-0.07870794002464421,1.0,False,False,False,False,False,False,True
6.1994514,81.2129668,-0.008173916291223476,4.0,False,False,False,False,False,False,True
6.1963995,81.2109113,-0.07870794002464421,1.0,False,False,False,False,False,False,True
6.2740086,81.2276923,-0.008173916291223476,1.0,False,True,False,False,False,False,False
6.2740086,81.2276923,-0.05888328838359401,4.0,False,True,False,False,False,False,False
6.2740086,81.2276923,-0.008173916291223476,2.0,False,True,False,False,False,False,False
6.2740086,81.2276923,-0.05212203877127793,2.0,False,True,False,False,False,False,False
6.1990936,81.2104225,-0.08142078709131424,,False,True,False,False,False,False,True
6.1990936,81.2104225,0.13831982530895806,6.0,False,False,False,True,False,False,False
6.2092156,81.2087333,-0.07531688119130667,2.0,False,False,False,True,False,False,False
6.2083074,81.2092193,-0.0765376623713082,12.0,False,False,False,True,False,False,False
6.2083074,81.2092193,-0.07200333227415971,3.0,False,False,False,True,False,True,False
6.2083074,81.2092193,-0.07849091225931061,2.0,False,False,False,True,False,False,True
6.2930334,81.1240923,0.13831982530895806,1.0,False,False,False,True,False,False,False
6.304008,81.1443047,-0.06144436778219857,1.0,False,False,False,True,False,False,False
6.1990936,81.2104225,-0.08142078709131424,,False,False,False,True,False,False,True
6.3266527,81.1286619,0.13831982530895806,15.0,True,False,False,False,False,True,False
6.1963995,81.2109113,0.06507295450886728,20.0,True,False,False,False,False,False,False
6.2009,81.1986,21.892640452935918,100.0,True,False,False,False,False,False,False
6.1994514,81.2129668,-0.07226492824130289,1.0,True,False,False,False,False,False,False
6.3425632,81.1506104,0.044145277137412786,8.0,True,False,False,False,False,False,False
6.2013975,81.1957455,-0.07409610001130516,1.0,True,False,False,False,False,False,False
6.2011736,81.1972238,-0.07592727178130743,3.0,True,False,False,False,True,False,True
6.2010865,81.1970094,-0.07816537061131021,2.0,True,False,False,False,False,False,False
6.2011736,81.1972238,-0.07592727178130743,3.0,True,False,False,False,True,False,True
6.2010865,81.1970094,-0.0777584435513097,3.0,True,False,False,False,True,False,True
6.1963995,81.2109113,-0.06874344406822161,6.0,True,False,False,False,True,False,True
6.1963995,81.2109113,-0.06874344406822161,6.0,True,False,False,False,True,False,True
6.1963995,81.2109113,-0.06874344406822161,6.0,True,False,False,False,True,False,True
6.1963995,81.2109113,-0.06874344406822161,6.0,True,False,False,False,True,False,True
6.2010865,81.1970094,-0.07409610001130516,3.0,True,False,False,False,False,False,False
6.2013975,81.1957455,-0.07409610001130516,1.0,True,False,False,False,False,False,False
6.1963995,81.2109113,-0.06874344406822161,6.0,True,False,False,False,True,False,True
6.1340675,80.6810656,-0.0692129752912991,5.0,False,False,False,False,False,False,True
6.1340675,80.6810656,-0.0777584435513097,3.0,False,False,False,False,False,False,True
6.1340675,80.6810656,-0.07684285766630858,5.0,False,False,False,False,False,False,False
6.1202632,80.7215908,0.1697113413661398,16.0,False,False,True,False,False,False,False
6.047785,80.855767,-0.06768699881629722,2.0,True,False,False,False,True,False,True
5.998686,80.747616,-0.04146794847308291,8.0,True,False,False,False,True,False,True
5.998686,80.747616,-0.0481267549094548,10.0,True,False,False,False,False,True,False
6.051961,80.85888,0.007663244962850213,30.0,True,False,False,False,True,False,True
6.051961,80.85888,-0.045690606213221185,20.0,True,False,False,False,True,False,True
6.051961,80.85888,-0.024097149073851902,6.0,True,False,False,False,False,False,False
6.061721,80.87304,-0.07312868851017189,2.0,True,False,False,False,False,False,False
6.0431558,80.8059458,-0.06677141293129608,2.0,True,False,False,False,False,False,False
6.0431558,80.8059458,-0.06677141293129608,2.0,True,False,False,False,False,False,False
6.0431558,80.8059458,-0.06677141293129608,2.0,True,False,False,False,False,False,False
6.047135,80.861794,-0.07664381725652572,2.0,True,False,False,False,True,False,True
6.0431558,80.8059458,-0.06677141293129608,2.0,True,False,False,False,False,False,False
6.068174,80.855501,-0.03595721211194756,6.0,True,False,False,False,False,False,False
6.047135,80.861794,-0.06637006021458326,5.0,True,False,False,False,False,False,False
6.051961,80.85888,0.02321759976595828,10.0,True,False,False,False,True,False,True
6.051961,80.85888,-0.008173916291223476,10.0,True,False,False,False,False,False,False
6.0519877,80.8584738,0.35806043770923035,2.0,True,False,False,False,False,False,False
6.0412193,80.8155746,-0.06310906939129156,10.0,False,False,False,False,False,False,True
5.9959134,80.7323017,0.028449519108821913,6.0,False,False,False,False,False,False,False
5.9959134,80.7323017,0.028449519108821913,6.0,False,False,False,False,False,False,False
6.011952,80.7829341,-0.08142078709131424,,False,False,False,False,False,False,True
6.011835,80.783588,0.797541662509775,4.0,False,False,False,False,False,False,False
6.069816,80.892274,-0.07384352459475313,1.0,False,False,False,False,False,False,False
6.070654,80.89046,-0.06768699881629722,1.0,False,False,False,False,False,False,False
6.0523931,80.8341408,-0.07120029349130158,2.0,False,False,False,False,False,True,False
6.0236483,80.7949486,-0.08142078709131424,,False,True,False,False,False,False,True
6.0451498,80.7986897,-0.08142078709131424,,True,False,False,False,True,False,True
6.0085416,80.7794076,-0.06970128776329972,4.0,True,False,False,False,True,False,True
6.0085416,80.7794076,-0.06384153809929245,4.0,True,False,False,False,True,False,True
6.0085416,80.7794076,-0.07043375647130062,2.0,True,False,False,False,False,False,False
6.2885959,81.2879062,-0.0765376623713082,2.0,True,False,False,False,False,False,False
6.3531747,81.4722061,-0.07885714661331107,7.0,True,False,False,False,False,False,False
6.3531747,81.4722061,-0.06482406410035713,50.0,True,False,False,False,True,False,True
6.2973268,81.293968,-0.015498603371232551,3.0,True,False,False,False,True,False,True
6.3531747,81.4722061,-0.08142078709131424,,True,False,False,False,True,False,True
6.2935227,81.2677467,-0.05212203877127793,6.0,True,False,False,False,True,False,True
6.296813,81.270306,-0.0765376623713082,2.0,True,False,False,False,False,False,False
6.2935227,81.2677467,-0.061888288211290034,4.0,True,False,False,False,True,False,True
6.3531747,81.4722061,-0.07983535698741617,5.0,True,False,False,False,True,False,True
6.3716425,81.5050842,-0.07091525980524545,12.0,True,False,False,False,False,False,False
6.284418,81.2332,-0.022031432388537938,10.0,True,False,False,False,True,False,True
6.2328926,81.3536954,0.0029596080703903275,48.0,True,False,False,False,False,False,False
6.284418,81.2332,-0.0203817280912386,10.0,True,False,False,False,True,False,True
6.2912334,81.2682894,-0.06874344406822161,3.0,True,False,False,False,False,False,False
6.3531747,81.4722061,-0.07609374194221673,4.0,True,False,False,False,True,False,True
6.28932,81.390609,0.05670188356028549,22.0,True,False,False,False,True,False,True
6.3531747,81.4722061,-0.05761555408128474,13.0,True,False,False,False,True,False,True
6.3531747,81.4722061,-0.07627061648818285,6.0,True,False,False,False,True,False,True
6.3531747,81.4722061,-0.07500500278765665,4.0,True,False,False,False,True,False,True
6.2885348,81.260379,-0.06677141293129608,2.0,True,False,False,False,False,False,False
6.283272,81.4157,-0.07366523606542227,6.0,True,False,False,False,False,False,False
6.2442417,81.3773055,0.07553679319459455,10.0,True,False,False,False,True,False,True
6.2442417,81.3773055,-0.04479735169126886,4.0,True,False,False,False,True,False,True
6.2973268,81.293968,-0.06796728020966492,6.0,True,False,False,False,False,False,False
6.3531747,81.4722061,-0.07500500278765665,4.0,True,False,False,False,True,False,True
6.2935227,81.2677467,-0.008173916291223476,20.0,True,False,False,False,True,False,True
6.2885959,81.2879062,-0.06898263921960071,3.0,True,False,False,False,False,False,False
6.2973268,81.293968,-0.05478556134582669,4.0,True,False,False,False,False,False,False
6.3531747,81.4722061,-0.08142078709131424,,True,False,False,False,True,False,True
6.2442417,81.3773055,0.07553679319459455,10.0,True,False,False,False,True,False,True
6.2885959,81.2879062,-0.06898263921960071,3.0,True,False,False,False,False,False,False
6.2973268,81.293968,-0.015498603371232551,3.0,True,False,False,False,True,False,True
6.2973268,81.293968,-0.015498603371232551,3.0,True,False,False,False,True,False,True
6.2973268,81.293968,-0.015498603371232551,3.0,True,False,False,False,True,False,True
6.2928616,81.4304066,-0.08096299414881368,1.0,True,False,False,False,True,False,True
6.2973268,81.293968,-0.08142078709131424,,True,False,False,False,True,False,True
6.2935227,81.2677467,-0.053248913706663945,10.0,True,False,False,False,True,False,True
6.3531747,81.4722061,-0.07500500278765665,4.0,True,False,False,False,True,False,True
6.267568,81.3103445,-0.07196957795581865,4.0,True,False,False,False,False,False,False
6.2814981,81.4125125,-0.022711463167577363,35.0,True,False,False,False,False,False,False
6.2814981,81.4125125,-0.022711463167577363,35.0,True,False,False,False,False,False,False
6.2592374,81.3874048,-0.056307574245568835,4.0,True,False,False,False,True,False,True
6.2442417,81.3773055,-0.04479735169126886,4.0,True,False,False,False,True,False,True
6.3531747,81.4722061,-0.08142078709131424,,True,False,False,False,True,False,True
6.2442417,81.3773055,-0.04479735169126886,4.0,True,False,False,False,True,False,True
6.3531747,81.4722061,-0.06768699881629722,45.0,True,False,False,False,True,False,True
6.2442417,81.3773055,0.07553679319459455,10.0,True,False,False,False,True,False,True
6.2945915,81.2598074,-0.061888288211290034,12.0,True,False,False,False,False,False,False
6.2935227,81.2677467,-0.0778765836655034,1.0,True,False,False,False,True,False,True
6.3531747,81.4722061,-0.07798734002255998,5.0,True,False,False,False,True,False,True
6.2814981,81.4125125,-0.022711463167577363,35.0,True,False,False,False,False,False,False
6.2935227,81.2677467,-0.07600845673662772,5.0,True,False,False,False,False,False,False
6.2495063,81.3825615,-0.06940372235067435,7.0,True,False,False,False,True,False,True
6.2543403,81.3725481,-0.015498603371232551,3.0,True,False,False,False,False,True,False
6.2543403,81.3725481,-0.015498603371232551,3.0,True,False,False,False,False,True,False
6.3531747,81.4722061,-0.07820507081228587,9.0,True,False,False,False,True,False,True
6.2814981,81.4125125,-0.022711463167577363,35.0,True,False,False,False,False,False,False
6.243248,81.3773412,0.012753761080231029,3.0,True,False,False,False,True,False,True
6.2543403,81.3725481,-0.015498603371232551,3.0,True,False,False,False,False,True,False
6.3531747,81.4722061,-0.06768699881629722,45.0,True,False,False,False,True,False,True
6.2442417,81.3773055,-0.04479735169126886,4.0,True,False,False,False,True,False,True
6.2592374,81.3874048,-0.056307574245568835,4.0,True,False,False,False,True,False,True
6.2973268,81.293968,-0.015498603371232551,3.0,True,False,False,False,True,False,True
6.2973268,81.293968,-0.04021942226626318,6.0,True,False,False,False,False,False,False
6.3531747,81.4722061,-0.08142078709131424,,True,False,False,False,False,False,False
6.3531747,81.4722061,-0.07727473780074307,3.0,True,False,False,False,False,False,False
6.2495063,81.3825615,-0.06940372235067435,7.0,True,False,False,False,True,False,True
6.2495063,81.3825615,-0.06940372235067435,7.0,True,False,False,False,True,False,True
6.2935227,81.2677467,-0.08142078709131424,,True,False,False,False,True,False,True
6.3531747,81.4722061,-0.07585773361282633,6.0,True,False,False,False,False,False,False
6.243248,81.3773412,0.012753761080231029,3.0,True,False,False,False,True,False,True
6.2543403,81.3725481,-0.015498603371232551,3.0,True,False,False,False,False,True,False
6.3531747,81.4722061,-0.07500500278765665,4.0,True,False,False,False,True,False,True
6.3531747,81.4722061,-0.05998267856445841,60.0,True,False,False,False,True,False,True
6.2592374,81.3874048,-0.056307574245568835,4.0,True,False,False,False,True,False,True
6.2442417,81.3773055,0.07553679319459455,10.0,True,False,False,False,True,False,True
6.2495063,81.3825615,-0.06940372235067435,7.0,True,False,False,False,True,False,True
6.2592374,81.3874048,-0.056307574245568835,4.0,True,False,False,False,True,False,True
6.2885348,81.260379,-0.06677141293129608,2.0,True,False,False,False,False,False,False
6.283272,81.4157,-0.07167859245287853,9.0,True,False,False,False,True,False,True
6.2885959,81.2879062,-0.06898263921960071,3.0,True,False,False,False,False,False,False
6.2885959,81.2879062,-0.06898263921960071,3.0,True,False,False,False,False,False,False
6.2973268,81.293968,-0.06796728020966492,6.0,True,False,False,False,False,False,False
6.2973268,81.293968,-0.05478556134582669,4.0,True,False,False,False,False,False,False
6.2943429,81.2376816,-0.05212203877127793,4.0,False,False,False,False,False,True,False
6.2577175,81.2488445,-0.06964896856987109,3.0,False,False,False,False,False,False,False
6.3531747,81.4722061,-0.08142078709131424,,False,False,False,False,False,False,False
6.3531747,81.4722061,-0.08142078709131424,,False,False,False,False,False,False,True
6.2825812,81.2324381,-0.030711414998943705,3.0,False,False,False,False,False,False,False
6.3531747,81.4722061,-0.08142078709131424,,False,False,False,False,False,False,True
6.3669721,81.4396971,-0.08142078709131424,,False,False,False,False,False,False,True
6.2935227,81.2677467,-0.07958961532131197,2.0,False,False,False,False,False,False,False
6.2885959,81.2879062,-0.08142078709131424,,False,False,False,False,False,False,False
6.3531747,81.4722061,-0.07857229767131071,7.0,False,False,False,False,False,False,True
6.3531747,81.4722061,-0.08142078709131424,,False,False,False,False,False,False,True
6.2336663,81.35818,-0.04479735169126886,6.0,False,False,False,False,False,True,False
6.3531747,81.4722061,-0.08142078709131424,,False,False,False,False,False,False,True
6.3531747,81.4722061,-0.08142078709131424,,False,False,False,False,False,False,True
6.2874868,81.2911892,-0.07343021936766797,6.0,False,False,False,False,False,False,True
6.2810253,81.4017965,-0.04656537960713311,23.0,False,False,False,False,False,False,False
6.3934331,81.441335,-0.07081261959612868,14.0,False,False,False,False,False,False,True
6.267568,81.3103445,-0.07932801935416879,2.0,False,False,False,False,False,False,False
6.2874868,81.2911892,-0.07343021936766797,6.0,False,False,False,False,False,False,True
6.3531747,81.4722061,-0.03869344579126129,7.0,False,False,False,False,False,False,True
6.3531747,81.4722061,-0.08142078709131424,,False,False,False,False,False,False,False
6.2935227,81.2677467,0.35806043770923035,2.0,False,False,False,False,False,True,False
6.2885959,81.2879062,-0.0789792247313112,2.0,False,False,False,False,False,False,True
6.3531747,81.4722061,-0.07820507081228587,3.0,False,False,False,False,False,False,True
6.2874868,81.2911892,-0.07816537061131021,2.0,False,False,False,False,False,False,True
6.2885959,81.2879062,0.5778010501095027,3.0,False,False,False,False,False,False,True
6.2810253,81.4017965,-0.06768699881629722,3.0,False,False,False,False,False,False,False
6.3531747,81.4722061,-0.08142078709131424,,False,False,False,False,False,False,True
6.3531747,81.4722061,-0.08142078709131424,,False,False,False,False,False,False,True
6.3531747,81.4722061,-0.08142078709131424,,False,False,False,False,False,False,True
6.3531747,81.4722061,-0.08142078709131424,,False,False,False,False,False,False,True
6.267568,81.3103445,-0.06613448361999096,8.0,False,False,False,False,False,False,False
6.3984727,81.4817646,-0.0679921941112976,11.0,False,False,False,False,False,False,True
6.3531747,81.4722061,-0.08142078709131424,,False,False,False,False,False,False,True
6.3984727,81.4817646,-0.07070173282788633,18.0,False,False,False,False,False,False,True
6.3984777,81.4820563,-0.06714385464722875,23.0,False,False,False,False,False,False,True
6.3531747,81.4722061,-0.042005430606960464,40.0,False,False,False,False,False,False,True
6.248984,81.368519,0.040657330908837046,5.0,False,False,False,False,False,False,True
6.3531747,81.4722061,-0.04894680496319518,30.0,False,False,False,False,False,False,False
6.267568,81.3103445,-0.06258587745700518,6.0,False,False,False,False,False,False,True
6.2825812,81.2324381,-0.08142078709131424,,False,False,False,False,False,True,False
6.3531747,81.4722061,-0.04894680496319518,30.0,False,False,False,False,False,False,False
6.3531747,81.4722061,-0.042005430606960464,40.0,False,False,False,False,False,False,True
6.248984,81.368519,0.040657330908837046,5.0,False,False,False,False,False,False,True
6.3985258,81.4821195,-0.06677141293129608,16.0,False,False,False,False,False,False,True
6.3531747,81.4722061,-0.08142078709131424,,False,False,False,False,False,False,True
6.3531747,81.4722061,-0.08020000591131274,1.0,False,False,False,False,False,False,False
6.3531747,81.4722061,-0.08142078709131424,,False,False,False,False,False,False,False
6.2935227,81.2677467,-0.08142078709131424,,False,False,False,False,False,False,False
6.3984727,81.4817646,-0.04384855802805525,33.0,False,False,False,False,False,False,True
6.3984777,81.4820563,-0.07696658548860602,6.0,False,False,False,False,False,False,True
6.3642161,81.5046213,-0.05944672585128701,1.0,False,False,False,False,False,True,False
6.3531747,81.4722061,-0.07860359975284921,2.0,False,False,True,False,False,False,False
6.367792,81.516889,-0.07409610001130516,6.0,False,False,True,False,False,False,False
6.3223211,81.3837864,-0.06277612906947296,28.0,False,False,True,False,False,False,True
6.2822042,81.3948783,-0.07495782790307094,2.0,False,False,True,False,False,False,False
6.2973268,81.293968,-0.05212203877127793,4.0,False,False,True,False,False,False,False
6.2973268,81.293968,-0.05212203877127793,4.0,False,False,True,False,False,False,False
6.367792,81.516889,-0.07409610001130516,6.0,False,False,True,False,False,False,False
6.3531747,81.4722061,-0.08142078709131424,,False,False,True,False,False,False,True
6.3531747,81.4722061,-0.08142078709131424,,False,False,True,False,False,False,True
6.3531747,81.4722061,-0.0777584435513097,8.0,False,False,True,False,False,False,True
6.2621478,81.3824272,-0.03537989687411433,22.0,False,False,True,False,False,True,False
6.2621478,81.3824272,-0.015498603371232551,21.0,False,False,True,False,False,False,False
6.2621478,81.3824272,-0.015498603371232551,18.0,False,False,True,False,False,False,True
6.3531747,81.4722061,-0.08142078709131424,,False,False,True,False,False,False,True
6.2621478,81.3824272,-0.05840034198271428,11.0,False,False,True,False,False,False,False
6.2621478,81.3824272,-0.05669996819628361,9.0,False,False,True,False,False,False,False
6.2621478,81.3824272,-0.06677141293129608,5.0,False,False,True,False,False,False,True
6.2621478,81.3824272,-0.04845969523127339,9.0,False,False,True,False,False,False,False
6.2589168,81.4038095,-0.08142078709131424,,False,False,True,False,False,False,True
6.3531747,81.4722061,-0.08142078709131424,,False,False,True,False,False,False,True
6.2589168,81.4038095,-0.08142078709131424,,False,False,True,False,False,False,False
6.4008312,81.4423189,-0.07043375647130062,10.0,False,False,True,False,False,False,False
6.3531747,81.4722061,-0.08142078709131424,,False,False,True,False,False,False,True
6.3531747,81.4722061,-0.08142078709131424,,False,False,True,False,False,False,True
6.389268,81.3572172,-0.06860258470129835,14.0,False,False,True,False,False,False,True
6.2775979,81.4022522,-0.075871781727671,5.0,False,True,False,False,False,False,False
6.3531747,81.4722061,-0.07797387552425114,4.0,False,True,False,False,False,False,False
6.3531747,81.4722061,-0.08142078709131424,,False,True,False,False,False,False,False
6.3531747,81.4722061,-0.07867402943631084,6.0,False,True,False,False,False,False,True
6.3531747,81.4722061,-0.07990881040048668,3.0,False,True,False,False,False,False,True
6.3531747,81.4722061,-0.07828163548559607,6.0,False,True,False,False,False,False,True
6.2935227,81.2677467,-0.08142078709131424,,False,True,False,False,False,False,False
6.3531747,81.4722061,-0.07226492824130289,10.0,False,True,False,False,False,False,True
6.3531747,81.4722061,-0.08142078709131424,,False,True,False,False,False,False,True
6.3531747,81.4722061,-0.01989341561923799,56.0,False,True,False,False,False,False,False
6.314669,81.4827746,-0.008173916291223476,5.0,False,True,False,False,False,False,True
6.3492474,81.4158026,-0.08142078709131424,,False,True,False,False,False,False,True
6.2933394,81.4240067,0.797541662509775,4.0,False,True,False,False,False,False,False
6.2290092,81.3311751,-0.06677141293129608,2.0,False,True,False,False,False,False,False
6.3675717,81.5169788,-0.06970128776329972,8.0,False,False,False,True,False,False,True
6.3531747,81.4722061,0.028449519108821913,1.0,False,False,False,True,False,False,True
6.2388211,81.3730031,-0.07165453765130214,4.0,False,False,False,True,False,False,True
6.3531747,81.4722061,-0.08111559179631386,1.0,False,False,False,True,False,False,True
6.3531747,81.4722061,-0.08142078709131424,,False,False,False,True,False,False,True
6.3531747,81.4722061,-0.06167846644597728,23.0,False,False,False,True,False,False,False
6.3531747,81.4722061,-0.06335991483923707,18.0,False,False,False,True,False,False,True
6.2885959,81.2879062,-0.008173916291223476,1.0,False,False,False,True,False,True,False
6.3531747,81.4722061,-0.08038752402360136,3.0,False,False,False,True,False,False,True
6.3492474,81.4158026,-0.08142078709131424,,False,False,False,True,False,False,True
6.3531747,81.4722061,-0.08142078709131424,,False,False,False,True,False,False,False
6.3531747,81.4722061,-0.07714805296130894,7.0,False,False,False,True,False,False,True
6.29209,81.2822025,-0.07798734002255998,2.0,False,False,False,True,False,False,False
6.3033483,81.4423108,-0.06335991483923707,30.0,False,False,False,True,False,False,True
6.312345,81.448727,0.028449519108821913,1.0,False,False,False,True,False,False,False
6.3531747,81.4722061,0.5778010501095027,3.0,True,False,False,False,False,False,False
6.2469822,81.3809252,-0.02099211868123935,11.0,True,False,False,False,True,False,True
6.3531747,81.4722061,-0.08142078709131424,,True,False,False,False,True,False,True
6.2569,81.3801,-0.05212203877127793,4.0,True,False,False,False,True,False,True
6.293,81.4304,-0.08032208402931287,1.0,True,False,False,False,True,False,True
6.2621478,81.3824272,-0.02099211868123935,11.0,True,False,False,False,False,False,False
6.3531747,81.4722061,-0.0808559011982544,1.0,True,False,False,False,True,False,True
6.2498537,81.3702776,-0.04479735169126886,20.0,True,False,False,False,True,False,True
6.2498537,81.3702776,-0.008173916291223476,20.0,True,False,False,False,False,False,False
6.2621478,81.3824272,-0.04479735169126886,5.0,True,False,False,False,False,True,False
6.2935227,81.2677467,-0.07867402943631084,3.0,True,False,False,False,True,False,True
6.3531747,81.4722061,-0.07723525161702334,2.0,True,False,False,False,True,False,True
6.2621478,81.3824272,-0.06015556653644917,3.0,True,False,False,False,True,False,True
6.3531747,81.4722061,-0.07723525161702334,2.0,True,False,False,False,True,False,True
6.3531747,81.4722061,-0.07642668226403533,15.0,True,False,False,False,True,False,True
6.3531747,81.4722061,0.5778010501095027,3.0,True,False,False,False,False,False,False
6.2966209,81.2703078,-0.06384153809929245,6.0,True,False,False,False,True,False,True
6.3531747,81.4722061,-0.08096299414881368,1.0,True,False,False,False,True,False,True
6.3531747,81.4722061,0.028449519108821913,100.0,True,False,False,False,True,False,True
6.2825812,81.2324381,-0.08142078709131424,,True,False,False,False,True,False,True
6.2742984,81.404126,0.021124832028812837,14.0,True,False,False,False,True,False,True
6.2973268,81.293968,-0.07495782790307094,2.0,True,False,False,False,False,False,False
6.2471,81.3809,-0.07043375647130062,2.0,True,False,False,False,True,False,True
6.3531747,81.4722061,-0.07945001926709655,2.0,True,False,False,False,False,False,False
6.2885959,81.2879062,-0.03258953989125373,10.0,True,False,False,False,False,False,False
6.3531747,81.4722061,-0.08142078709131424,,True,False,False,False,True,False,True
6.3531747,81.4722061,-0.07945001926709655,2.0,True,False,False,False,False,False,False
6.3531747,81.4722061,-0.06954291615075898,40.0,True,False,False,False,True,False,True
6.3531747,81.4722061,-0.08142078709131424,,True,False,False,False,True,False,True
6.3531747,81.4722061,-0.07945001926709655,2.0,True,False,False,False,False,False,False
6.3531747,81.4722061,-0.08142078709131424,,True,False,False,False,True,False,True
6.3531747,81.4722061,-0.08142078709131424,,True,False,False,False,True,False,True
6.3531747,81.4722061,-0.08142078709131424,,True,False,False,False,False,False,False
6.3531747,81.4722061,-0.07945001926709655,2.0,True,False,False,False,False,False,False
6.3531747,81.4722061,-0.08142078709131424,,True,False,False,False,True,False,True
6.2885959,81.2879062,-0.03258953989125373,10.0,True,False,False,False,False,False,False
6.3531747,81.4722061,-0.08142078709131424,,True,False,False,False,True,False,True
6.2935227,81.2677467,-0.07908312100194964,2.0,True,False,False,False,False,False,False
6.2935227,81.2677467,-0.0692129752912991,5.0,True,False,False,False,False,True,False
6.3531747,81.4722061,-0.07945001926709655,2.0,True,False,False,False,False,False,False
6.3531747,81.4722061,-0.07945001926709655,2.0,True,False,False,False,False,False,False
6.3531747,81.4722061,-0.08142078709131424,,True,False,False,False,True,False,True
6.3531747,81.4722061,-0.08142078709131424,,True,False,False,False,False,False,False
6.3531747,81.4722061,-0.08142078709131424,,True,False,False,False,True,False,True
6.2935227,81.2677467,-0.08142078709131424,,True,False,False,False,False,False,False
6.2943429,81.2376816,-0.06886418066844154,2.0,True,False,False,False,True,False,True
6.3531747,81.4722061,-0.06954291615075898,40.0,True,False,False,False,True,False,True
6.264434,81.337335,-0.05944672585128701,12.0,True,False,False,False,True,False,True
6.2935227,81.2677467,-0.07908312100194964,2.0,True,False,False,False,False,False,False
6.3531747,81.4722061,-0.06954291615075898,40.0,True,False,False,False,True,False,True
6.3531747,81.4722061,-0.07922338096731152,3.0,True,False,False,False,True,False,True
6.3531747,81.4722061,-0.08142078709131424,,True,False,False,False,True,False,True
6.2943681,81.4311583,-0.07944114193455502,10.0,True,False,False,False,False,False,False
6.2935227,81.2677467,-0.0692129752912991,5.0,True,False,False,False,False,True,False
